"","word","freq"
"like","like",4368
"color","color",3006
"look","look",2550
"feel","feel",1297
"make","make",1022
"love","love",885
"remind","remind",854
"paint","paint",655
"piec","piec",567
"realli","realli",565
"think","think",528
"interest","interest",514
"just","just",478
"abstract","abstract",435
"one","one",422
"pictur","pictur",368
"see","see",368
"nice","nice",363
"art","art",347
"beauti","beauti",328
"dark","dark",308
"someth","someth",288
"tree","tree",281
"citi","citi",273
"littl","littl",272
"much","much",270
"go","go",263
"pretti","pretti",260
"natur","natur",256
"ugli","ugli",252
"seem","seem",251
"cool","cool",238
"way","way",227
"bit","bit",224
"use","use",223
"shape","shape",222
"kind","kind",222
"line","line",214
"good","good",214
"give","give",213
"red","red",205
"black","black",199
"someon","someon",198
"contrast","contrast",195
"sure","sure",189
"simpl","simpl",189
"style","style",187
"fan","fan",183
"differ","differ",182
"white","white",181
"enjoy","enjoy",176
"scene","scene",175
"can","can",172
"anyth","anyth",169
"togeth","togeth",168
"green","green",166
"emot","emot",164
"happi","happi",162
"know","know",162
"blue","blue",160
"calm","calm",159
"design","design",156
"dont","dont",152
"child","child",150
"noth","noth",147
"day","day",146
"imag","imag",146
"water","water",144
"lot","lot",142
"messi","messi",141
"hate","hate",141
"confus","confus",141
"work","work",138
"bird","bird",138
"bore","bore",138
"time","time",136
"thing","thing",135
"textur","textur",134
"background","background",134
"weird","weird",132
"random","random",130
"old","old",129
"detail","detail",129
"face","face",129
"scribbl","scribbl",128
"artist","artist",121
"music","music",120
"made","made",120
"figur","figur",119
"waterfal","waterfal",119
"get","get",118
"okay","okay",118
"life","life",116
"though","though",114
"busi","busi",113
"favorit","favorit",112
"peopl","peopl",112
"reaction","reaction",111
"want","want",111
"desert","desert",109
"tell","tell",109
"bad","bad",107
"vibe","vibe",107
"stroke","stroke",106
"chaotic","chaotic",106
"sea","sea",104
"mix","mix",104
"peac","peac",103
"bear","bear",101
"light","light",100
"yellow","yellow",98
"well","well",97
"put","put",97
"bright","bright",96
"blend","blend",96
"eye","eye",95
"pleasant","pleasant",95
"draw","draw",95
"relax","relax",94
"soft","soft",93
"pleas","pleas",93
"also","also",93
"mani","mani",92
"wall","wall",92
"neutral","neutral",91
"creepi","creepi",90
"pattern","pattern",90
"mean","mean",90
"brush","brush",89
"kid","kid",88
"sens","sens",85
"care","care",85
"scari","scari",84
"town","town",83
"warm","warm",83
"great","great",82
"strong","strong",82
"bland","bland",82
"blood","blood",80
"choic","choic",79
"sad","sad",78
"window","window",78
"fall","fall",77
"suppos","suppos",75
"interpret","interpret",75
"dislik","dislik",74
"raini","raini",73
"sooth","sooth",73
"almost","almost",73
"scheme","scheme",72
"splatter","splatter",72
"respons","respons",71
"neat","neat",70
"palett","palett",70
"angri","angri",70
"impress","impress",69
"sort","sort",69
"say","say",68
"negat","negat",68
"happen","happen",67
"uniqu","uniqu",66
"flow","flow",66
"object","object",66
"still","still",66
"battl","battl",65
"danc","danc",65
"lack","lack",65
"mayb","mayb",65
"bring","bring",64
"excit","excit",64
"invok","invok",64
"wish","wish",63
"ok","ok",63
"tri","tri",63
"point","point",63
"appeal","appeal",63
"sunset","sunset",63
"hope","hope",62
"middl","middl",62
"top","top",61
"mess","mess",61
"stori","stori",61
"find","find",61
"clear","clear",60
"composit","composit",60
"place","place",60
"storm","storm",60
"understand","understand",59
"ship","ship",59
"dot","dot",59
"quit","quit",59
"person","person",58
"home","home",58
"childish","childish",58
"space","space",58
"x","x",58
"hang","hang",58
"seren","seren",57
"effort","effort",57
"mute","mute",57
"odd","odd",57
"strang","strang",56
"tone","tone",56
"evok","evok",56
"thought","thought",56
"rain","rain",55
"colour","colour",55
"ocean","ocean",54
"world","world",54
"street","street",54
"awesom","awesom",53
"anoth","anoth",53
"ground","ground",53
"fun","fun",52
"sloppi","sloppi",52
"doesnt","doesnt",51
"intrigu","intrigu",51
"combin","combin",51
"vibrant","vibrant",51
"fire","fire",50
"mysteri","mysteri",50
"posit","posit",50
"high","high",50
"new","new",49
"appreci","appreci",49
"right","right",49
"basic","basic",49
"simplic","simplic",49
"even","even",49
"uncomfort","uncomfort",49
"sleep","sleep",49
"reason","reason",48
"hard","hard",48
"tast","tast",48
"come","come",48
"yet","yet",48
"left","left",48
"real","real",48
"cute","cute",48
"type","type",47
"two","two",47
"disturb","disturb",47
"around","around",46
"depress","depress",46
"photo","photo",46
"orang","orang",46
"better","better",46
"death","death",46
"either","either",46
"bottom","bottom",45
"blurri","blurri",45
"creat","creat",44
"take","take",44
"first","first",44
"kinda","kinda",43
"wild","wild",43
"muddi","muddi",43
"watercolor","watercolor",42
"seen","seen",42
"everyth","everyth",42
"hand","hand",42
"war","war",42
"view","view",42
"year","year",42
"beach","beach",42
"leav","leav",41
"depth","depth",41
"live","live",41
"depict","depict",41
"unfinish","unfinish",41
"stand","stand",40
"dull","dull",40
"teddi","teddi",40
"huge","huge",40
"landscap","landscap",40
"uneasi","uneasi",40
"gorgeous","gorgeous",40
"clash","clash",40
"small","small",39
"imagin","imagin",39
"side","side",39
"finger","finger",39
"skill","skill",39
"ancient","ancient",39
"gloomi","gloomi",39
"perhap","perhap",39
"watch","watch",39
"boat","boat",39
"center","center",39
"done","done",38
"speak","speak",38
"scare","scare",38
"sky","sky",38
"across","across",38
"actual","actual",38
"toward","toward",38
"portray","portray",38
"drab","drab",38
"structur","structur",38
"express","express",38
"woman","woman",38
"special","special",38
"block","block",37
"blah","blah",37
"cold","cold",37
"sand","sand",37
"full","full",36
"half","half",36
"definit","definit",36
"rock","rock",36
"elicit","elicit",36
"techniqu","techniqu",35
"park","park",35
"took","took",35
"rest","rest",35
"alright","alright",35
"night","night",35
"head","head",35
"kindergarten","kindergarten",35
"brown","brown",34
"poor","poor",34
"away","away",34
"gray","gray",34
"car","car",34
"pop","pop",34
"balanc","balanc",34
"grey","grey",34
"longer","longer",34
"behind","behind",33
"enough","enough",33
"book","book",33
"smear","smear",33
"unpleas","unpleas",33
"school","school",33
"inspir","inspir",33
"big","big",33
"dreari","dreari",33
"somewhat","somewhat",32
"long","long",32
"dali","dali",32
"sketch","sketch",32
"element","element",32
"clean","clean",32
"drew","drew",32
"crash","crash",32
"dirti","dirti",32
"play","play",31
"highway","highway",31
"call","call",31
"repres","repres",31
"plant","plant",31
"sharp","sharp",31
"cant","cant",31
"splash","splash",31
"sorri","sorri",31
"normal","normal",31
"idea","idea",31
"movement","movement",31
"vagu","vagu",30
"s","s",30
"overal","overal",30
"roller","roller",30
"coaster","coaster",30
"frustrat","frustrat",30
"bush","bush",30
"spring","spring",30
"layer","layer",29
"mind","mind",29
"ghost","ghost",29
"forest","forest",29
"complex","complex",29
"back","back",29
"flower","flower",29
"dead","dead",29
"focus","focus",29
"hous","hous",29
"without","without",29
"cave","cave",29
"blocki","blocki",28
"combo","combo",28
"slight","slight",28
"connect","connect",28
"unsettl","unsettl",28
"sick","sick",28
"crayon","crayon",28
"anxious","anxious",28
"childhood","childhood",28
"build","build",28
"silhouett","silhouett",28
"angl","angl",27
"wonder","wonder",27
"apocalyps","apocalyps",27
"surfac","surfac",27
"movi","movi",27
"now","now",27
"pink","pink",27
"focal","focal",27
"crime","crime",27
"creativ","creativ",27
"harsh","harsh",27
"stream","stream",27
"appear","appear",27
"limit","limit",27
"simplist","simplist",27
"absolut","absolut",27
"haunt","haunt",26
"spend","spend",26
"alot","alot",26
"meet","meet",26
"fight","fight",26
"shade","shade",26
"complet","complet",26
"upset","upset",26
"upper","upper",26
"clutter","clutter",26
"subject","subject",26
"saw","saw",26
"gross","gross",26
"safe","safe",26
"artwork","artwork",26
"squar","squar",26
"room","room",25
"surround","surround",25
"mcdonald","mcdonald",25
"provok","provok",25
"intens","intens",25
"insid","insid",25
"possibl","possibl",25
"sit","sit",25
"meh","meh",25
"hot","hot",24
"bold","bold",24
"might","might",24
"despit","despit",24
"crow","crow",24
"80s","80s",24
"field","field",24
"mood","mood",24
"low","low",24
"cover","cover",24
"guitar","guitar",24
"bug","bug",24
"grow","grow",24
"cultur","cultur",24
"land","land",24
"fine","fine",24
"anim","anim",24
"edgi","edgi",24
"90s","90s",24
"abandon","abandon",24
"walk","walk",24
"headless","headless",24
"least","least",24
"ride","ride",24
"easi","easi",24
"wave","wave",24
"mar","mar",23
"need","need",23
"somehow","somehow",23
"primari","primari",23
"curious","curious",23
"particular","particular",23
"rough","rough",23
"gave","gave",23
"burn","burn",23
"especi","especi",23
"mountain","mountain",23
"less","less",23
"air","air",23
"wrong","wrong",23
"talent","talent",23
"context","context",23
"danger","danger",23
"bunch","bunch",23
"within","within",23
"anxieti","anxieti",23
"omin","omin",23
"vivid","vivid",23
"border","border",23
"modern","modern",23
"rather","rather",22
"fail","fail",22
"gun","gun",22
"collag","collag",22
"guess","guess",22
"moon","moon",22
"gradient","gradient",22
"smooth","smooth",22
"store","store",22
"aspect","aspect",22
"bleak","bleak",22
"stress","stress",22
"photograph","photograph",22
"ladi","ladi",22
"unapp","unapp",22
"power","power",22
"reminisc","reminisc",22
"surreal","surreal",21
"fit","fit",21
"convers","convers",21
"project","project",21
"caus","caus",21
"generic","generic",21
"pastel","pastel",21
"airi","airi",21
"last","last",21
"provid","provid",21
"run","run",20
"jar","jar",20
"stormi","stormi",20
"incomplet","incomplet",20
"gone","gone",20
"abl","abl",20
"truck","truck",20
"children","children",20
"origin","origin",20
"solitud","solitud",20
"perfect","perfect",20
"mash","mash",20
"realist","realist",19
"direct","direct",19
"famili","famili",19
"free","free",19
"stick","stick",19
"amaz","amaz",19
"purpos","purpos",19
"part","part",19
"brushstrok","brushstrok",19
"blob","blob",19
"canva","canva",19
"theme","theme",19
"skin","skin",19
"uplift","uplift",19
"uninterest","uninterest",19
"form","form",19
"honest","honest",19
"bother","bother",19
"strike","strike",19
"anger","anger",19
"im","im",19
"dog","dog",19
"wow","wow",19
"jackson","jackson",19
"pollock","pollock",19
"giant","giant",19
"close","close",19
"graffiti","graffiti",19
"god","god",19
"marker","marker",19
"warmth","warmth",18
"activ","activ",18
"explos","explos",18
"horsemen","horsemen",18
"shop","shop",18
"liter","liter",18
"set","set",18
"isnt","isnt",18
"man","man",18
"mustard","mustard",18
"question","question",18
"wavi","wavi",18
"hors","hors",18
"specif","specif",18
"disori","disori",18
"energi","energi",18
"motion","motion",18
"els","els",18
"orient","orient",18
"creep","creep",18
"chang","chang",18
"present","present",18
"simpli","simpli",18
"opinion","opinion",18
"plain","plain",18
"imageri","imageri",18
"dream","dream",18
"ant","ant",18
"stir","stir",18
"apocalypt","apocalypt",18
"autumn","autumn",17
"cubist","cubist",17
"drawn","drawn",17
"unusu","unusu",17
"urban","urban",17
"adventur","adventur",17
"unsur","unsur",17
"earth","earth",17
"lone","lone",17
"civil","civil",17
"ruin","ruin",17
"warn","warn",17
"courtyard","courtyard",17
"bustl","bustl",17
"near","near",17
"break","break",17
"gold","gold",17
"illicit","illicit",17
"symmetr","symmetr",17
"ad","ad",17
"puzzl","puzzl",17
"vandal","vandal",17
"section","section",17
"concept","concept",17
"monster","monster",16
"start","start",16
"catch","catch",16
"murki","murki",16
"bell","bell",16
"lower","lower",16
"bed","bed",16
"cohes","cohes",16
"captur","captur",16
"nostalg","nostalg",16
"defin","defin",16
"organ","organ",16
"fact","fact",16
"past","past",16
"hue","hue",16
"cheap","cheap",16
"jumbl","jumbl",16
"front","front",16
"empti","empti",16
"river","river",16
"that","that",16
"winter","winter",16
"chao","chao",16
"anyway","anyway",16
"train","train",16
"mine","mine",16
"door","door",16
"howev","howev",16
"minut","minut",16
"instrument","instrument",16
"stare","stare",16
"super","super",16
"toy","toy",15
"subtl","subtl",15
"along","along",15
"cozi","cozi",15
"version","version",15
"other","other",15
"cloud","cloud",15
"belong","belong",15
"show","show",15
"clue","clue",15
"smile","smile",15
"alien","alien",15
"mark","mark",15
"substanc","substanc",15
"lake","lake",15
"relat","relat",15
"aliv","aliv",15
"comfort","comfort",15
"messag","messag",15
"violent","violent",15
"rage","rage",15
"coffe","coffe",15
"pyramid","pyramid",15
"execut","execut",15
"dri","dri",15
"frame","frame",15
"class","class",15
"traffic","traffic",15
"garden","garden",15
"3d","3d",15
"keep","keep",15
"similar","similar",14
"nervous","nervous",14
"offic","offic",14
"charact","charact",14
"outdoor","outdoor",14
"page","page",14
"alon","alon",14
"track","track",14
"whatsoev","whatsoev",14
"compar","compar",14
"resembl","resembl",14
"garish","garish",14
"band","band",14
"oh","oh",14
"edg","edg",14
"tini","tini",14
"frighten","frighten",14
"fairi","fairi",14
"blow","blow",14
"fill","fill",14
"certain","certain",14
"unfocus","unfocus",14
"raindrop","raindrop",14
"may","may",14
"fair","fair",14
"investig","investig",14
"lifeless","lifeless",14
"incred","incred",14
"trash","trash",14
"bag","bag",14
"paper","paper",14
"fear","fear",14
"peach","peach",14
"mad","mad",14
"immedi","immedi",14
"violin","violin",14
"skull","skull",14
"access","access",14
"cheesi","cheesi",14
"four","four",13
"sinc","sinc",13
"stone","stone",13
"suburban","suburban",13
"wait","wait",13
"extrem","extrem",13
"imit","imit",13
"nicer","nicer",13
"hair","hair",13
"mystic","mystic",13
"lie","lie",13
"attent","attent",13
"decor","decor",13
"lost","lost",13
"leg","leg",13
"neighborhood","neighborhood",13
"dirt","dirt",13
"unprofession","unprofession",13
"coordin","coordin",13
"pain","pain",13
"open","open",13
"evil","evil",13
"pull","pull",13
"guy","guy",13
"weather","weather",13
"terribl","terribl",13
"throughout","throughout",13
"tunnel","tunnel",13
"whole","whole",13
"fond","fond",13
"narrow","narrow",13
"recal","recal",13
"otherwis","otherwis",13
"beast","beast",13
"horror","horror",13
"throw","throw",13
"tranquil","tranquil",13
"intric","intric",13
"dynam","dynam",13
"pari","pari",13
"alreadi","alreadi",13
"went","went",13
"most","most",13
"idk","idk",13
"roll","roll",13
"renew","renew",13
"invit","invit",13
"boxi","boxi",12
"signatur","signatur",12
"earthi","earthi",12
"doctor","doctor",12
"duck","duck",12
"foot","foot",12
"worn","worn",12
"eleg","eleg",12
"unnerv","unnerv",12
"girl","girl",12
"wood","wood",12
"taken","taken",12
"rainbow","rainbow",12
"univers","univers",12
"distract","distract",12
"main","main",12
"unit","unit",12
"foreground","foreground",12
"distress","distress",12
"arch","arch",12
"contempl","contempl",12
"outsid","outsid",12
"poop","poop",12
"teeth","teeth",12
"best","best",12
"lean","lean",12
"effect","effect",12
"joy","joy",12
"medium","medium",12
"cliff","cliff",12
"late","late",12
"garbag","garbag",12
"term","term",12
"arrang","arrang",12
"wallpap","wallpap",12
"memor","memor",12
"overwhelm","overwhelm",12
"ever","ever",12
"refresh","refresh",12
"pleasent","pleasent",12
"cityscap","cityscap",12
"aw","aw",12
"rigid","rigid",12
"over","over",12
"felt","felt",12
"nothing","nothing",12
"closer","closer",12
"quiet","quiet",12
"explain","explain",12
"born","born",12
"broken","broken",12
"stop","stop",12
"stark","stark",12
"everywher","everywher",12
"grandpar","grandpar",12
"fluid","fluid",12
"level","level",11
"scale","scale",11
"stun","stun",11
"loos","loos",11
"german","german",11
"port","port",11
"abus","abus",11
"reflect","reflect",11
"japanes","japanes",11
"got","got",11
"branch","branch",11
"escher","escher",11
"growth","growth",11
"dig","dig",11
"violenc","violenc",11
"satur","satur",11
"seed","seed",11
"travel","travel",11
"hotel","hotel",11
"dancer","dancer",11
"shrub","shrub",11
"nativ","nativ",11
"d","d",11
"indecipher","indecipher",11
"share","share",11
"warrior","warrior",11
"bridg","bridg",11
"spot","spot",11
"environ","environ",11
"grim","grim",11
"thank","thank",11
"torment","torment",11
"amus","amus",11
"circl","circl",11
"usag","usag",11
"snake","snake",11
"2nd","2nd",11
"overpow","overpow",11
"accent","accent",11
"halloween","halloween",11
"touch","touch",11
"smudg","smudg",11
"cartoon","cartoon",11
"post","post",11
"juli","juli",11
"museum","museum",11
"represent","represent",11
"vs","vs",11
"creepyyyyyy","creepyyyyyy",11
"deform","deform",10
"anyon","anyon",10
"wreck","wreck",10
"overtak","overtak",10
"friend","friend",10
"greek","greek",10
"mytholog","mytholog",10
"self","self",10
"solid","solid",10
"probabl","probabl",10
"hold","hold",10
"earli","earli",10
"london","london",10
"quilt","quilt",10
"geometr","geometr",10
"industri","industri",10
"vertic","vertic",10
"castl","castl",10
"nail","nail",10
"guin","guin",10
"record","record",10
"tornado","tornado",10
"general","general",10
"gentl","gentl",10
"kindergardn","kindergardn",10
"repetit","repetit",10
"cryptic","cryptic",10
"impact","impact",10
"wash","wash",10
"envok","envok",10
"necessarili","necessarili",10
"teddybear","teddybear",10
"rollercoast","rollercoast",10
"group","group",10
"dingi","dingi",10
"whimsic","whimsic",10
"puke","puke",10
"pencil","pencil",10
"peacock","peacock",10
"feather","feather",10
"coast","coast",10
"southwest","southwest",10
"i.e","i.e",10
"mexico","mexico",10
"arizona","arizona",10
"sun","sun",10
"grotesqu","grotesqu",10
"mouth","mouth",10
"bedroom","bedroom",10
"although","although",10
"sinist","sinist",10
"cheer","cheer",10
"could'v","could'v",10
"reclin","reclin",10
"dreami","dreami",10
"float","float",10
"painter","painter",10
"deeper","deeper",10
"entiti","entiti",10
"dab","dab",10
"scape","scape",10
"king","king",10
"indistinguish","indistinguish",10
"none","none",10
"goe","goe",10
"cavalri","cavalri",10
"heart","heart",10
"subdu","subdu",10
"blur","blur",10
"induc","induc",10
"serious","serious",10
"statu","statu",10
"leaf","leaf",10
"tad","tad",9
"pollack","pollack",9
"ncie","ncie",9
"key","key",9
"kill","kill",9
"planet","planet",9
"seri","seri",9
"amateurish","amateurish",9
"eeri","eeri",9
"loneli","loneli",9
"shadow","shadow",9
"pass","pass",9
"upsid","upsid",9
"lovechild","lovechild",9
"yike","yike",9
"doodl","doodl",9
"pick","pick",9
"mesh","mesh",9
"heaven","heaven",9
"transit","transit",9
"pollut","pollut",9
"energet","energet",9
"tumult","tumult",9
"brave","brave",9
"villag","villag",9
"album","album",9
"disgust","disgust",9
"visit","visit",9
"kandinski","kandinski",9
"religi","religi",9
"destruct","destruct",9
"chalk","chalk",9
"salvador","salvador",9
"eclect","eclect",9
"box","box",9
"hustl","hustl",9
"extraordinari","extraordinari",9
"squiggl","squiggl",9
"darker","darker",9
"brick","brick",9
"celebr","celebr",9
"foggi","foggi",9
"melancholi","melancholi",9
"countri","countri",9
"situat","situat",9
"disast","disast",9
"droplet","droplet",9
"dessert","dessert",9
"psychedel","psychedel",9
"squigg","squigg",9
"cello","cello",9
"food","food",9
"mosaic","mosaic",9
"unfortun","unfortun",9
"various","various",9
"apparit","apparit",9
"glow","glow",9
"minimalist","minimalist",9
"die","die",9
"struck","struck",9
"lazi","lazi",9
"whatev","whatev",9
"brash","brash",9
"orchestra","orchestra",9
"forth","forth",9
"song","song",9
"valu","valu",9
"corner","corner",9
"parti","parti",9
"wispi","wispi",9
"childlik","childlik",9
"bone","bone",9
"symbol","symbol",9
"directionless","directionless",9
"grade","grade",9
"hmm","hmm",8
"iik","iik",8
"grader","grader",8
"passabl","passabl",8
"illus","illus",8
"somewher","somewher",8
"map","map",8
"cramp","cramp",8
"visual","visual",8
"graveyard","graveyard",8
"ass","ass",8
"trophi","trophi",8
"due","due",8
"crawl","crawl",8
"discard","discard",8
"fantasi","fantasi",8
"homeless","homeless",8
"outer","outer",8
"nonsens","nonsens",8
"nevertheless","nevertheless",8
"telephon","telephon",8
"wire","wire",8
"particulair","particulair",8
"award","award",8
"fli","fli",8
"busy","busy",8
"rais","rais",8
"name","name",8
"varieti","varieti",8
"bodi","bodi",8
"harmoni","harmoni",8
"confetti","confetti",8
"pointless","pointless",8
"scatter","scatter",8
"pegssus","pegssus",8
"stupid","stupid",8
"nope","nope",8
"wouldnt","wouldnt",8
"oppress","oppress",8
"doorway","doorway",8
"intent","intent",8
"bob","bob",8
"ross","ross",8
"readi","readi",8
"indoor","indoor",8
"mcdoanld","mcdoanld",8
"never","never",8
"renov","renov",8
"dampen","dampen",8
"carefre","carefre",8
"conform","conform",8
"pathway","pathway",8
"sweet","sweet",8
"ran","ran",8
"hectic","hectic",8
"cafe","cafe",8
"tantrum","tantrum",8
"plastic","plastic",8
"realiti","realiti",8
"non","non",8
"adult","adult",8
"twist","twist",8
"explor","explor",8
"prison","prison",8
"summer","summer",8
"asian","asian",8
"gloopi","gloopi",8
"grief","grief",8
"far","far",8
"perceiv","perceiv",8
"dump","dump",8
"contriv","contriv",8
"alway","alway",8
"hell","hell",8
"teal","teal",8
"buy","buy",8
"picturesqu","picturesqu",8
"creeeeeppyyyyyyi","creeeeeppyyyyyyi",8
"help","help",8
"peril","peril",8
"indiffer","indiffer",8
"recogn","recogn",8
"larg","larg",8
"hint","hint",8
"wierd","wierd",8
"spooki","spooki",8
"panick","panick",8
"rome","rome",8
"advanc","advanc",8
"bunni","bunni",8
"foliag","foliag",7
"system","system",7
"experi","experi",7
"handbag","handbag",7
"mircoscop","mircoscop",7
"averag","averag",7
"common","common",7
"scratchi","scratchi",7
"partial","partial",7
"incongru","incongru",7
"melt","melt",7
"southwestern","southwestern",7
"pay","pay",7
"engag","engag",7
"disput","disput",7
"worri","worri",7
"graphic","graphic",7
"sharper","sharper",7
"restroom","restroom",7
"restaur","restaur",7
"sever","sever",7
"feminin","feminin",7
"decid","decid",7
"displac","displac",7
"creatur","creatur",7
"somth","somth",7
"captiv","captiv",7
"studi","studi",7
"ri","ri",7
"rad","rad",7
"outlin","outlin",7
"staff","staff",7
"1700th","1700th",7
"centuri","centuri",7
"franc","franc",7
"dspair","dspair",7
"segment","segment",7
"guilti","guilti",7
"receiv","receiv",7
"reward","reward",7
"deserv","deserv",7
"locat","locat",7
"surviv","surviv",7
"chill","chill",7
"stuck","stuck",7
"unless","unless",7
"tabl","tabl",7
"cloudi","cloudi",7
"apart","apart",7
"teacher","teacher",7
"professor","professor",7
"beautiful.nic","beautiful.nic",7
"nake","nake",7
"classic","classic",7
"rudimentari","rudimentari",7
"awar","awar",7
"imbu","imbu",7
"infin","infin",7
"yeah","yeah",7
"reject","reject",7
"mother","mother",7
"separ","separ",7
"variat","variat",7
"proper","proper",7
"thirsti","thirsti",7
"camp","camp",7
"neural","neural",7
"blackboard","blackboard",7
"jungl","jungl",7
"damag","damag",7
"bike","bike",7
"cut","cut",7
"bleed","bleed",7
"church","church",7
"rate","rate",7
"human","human",7
"sunris","sunris",7
"fantast","fantast",7
"motif","motif",7
"hidden","hidden",7
"vintag","vintag",7
"stephen","stephen",7
"distort","distort",7
"dizzi","dizzi",7
"waxi","waxi",7
"lowkey","lowkey",7
"greyscal","greyscal",7
"tractor","tractor",7
"bull","bull",7
"stretch","stretch",7
"joyous","joyous",7
"stripe","stripe",7
"vomit","vomit",7
"inde","inde",7
"sink","sink",7
"strink","strink",7
"curios","curios",7
"outstand","outstand",7
"knowledg","knowledg",7
"huff","huff",7
"puff","puff",7
"terrain","terrain",7
"firework","firework",7
"lazili","lazili",7
"parad","parad",7
"musician","musician",7
"upbeat","upbeat",7
"vast","vast",7
"relationship","relationship",7
"dryness","dryness",7
"evoc","evoc",7
"scibbl","scibbl",7
"sister","sister",7
"toss","toss",7
"sharpi","sharpi",7
"angrili","angrili",7
"arent","arent",7
"fece","fece",7
"degre","degre",7
"diminish","diminish",7
"interact","interact",7
"eighti","eighti",7
"demon","demon",7
"ketchup","ketchup",7
"illustr","illustr",7
"tale","tale",7
"attempt","attempt",7
"georgia","georgia",7
"floor","floor",7
"angel","angel",7
"meant","meant",7
"compel","compel",7
"discombobul","discombobul",7
"dinosaur","dinosaur",7
"notic","notic",7
"fanci","fanci",7
"unhappi","unhappi",7
"drag","drag",7
"triumph","triumph",7
"drown","drown",7
"loud","loud",7
"react","react",7
"styliz","styliz",7
"qualiti","qualiti",7
"trigger","trigger",7
"rise","rise",6
"immpression","immpression",6
"familiar","familiar",6
"spirit","spirit",6
"irrit","irrit",6
"came","came",6
"abras","abras",6
"unsaf","unsaf",6
"tortur","tortur",6
"y","y",6
"what","what",6
"brass","brass",6
"knuckl","knuckl",6
"cube","cube",6
"unsatisfi","unsatisfi",6
"attract","attract",6
"worst","worst",6
"favor","favor",6
"item","item",6
"garbl","garbl",6
"accid","accid",6
"associ","associ",6
"alley","alley",6
"aqua","aqua",6
"tatter","tatter",6
"fuck","fuck",6
"incongr","incongr",6
"smoggi","smoggi",6
"oili","oili",6
"blotchi","blotchi",6
"indistinct","indistinct",6
"furnitur","furnitur",6
"student","student",6
"unclean","unclean",6
"smokey","smokey",6
"brother","brother",6
"unabl","unabl",6
"exhilar","exhilar",6
"rush","rush",6
"recogniz","recogniz",6
"describ","describ",6
"assort","assort",6
"complementari","complementari",6
"grama","grama",6
"european","european",6
"desir","desir",6
"slash","slash",6
"achiev","achiev",6
"goal","goal",6
"everi","everi",6
"memori","memori",6
"tv","tv",6
"product","product",6
"cathedr","cathedr",6
"sail","sail",6
"exist","exist",6
"infinit","infinit",6
"fade","fade",6
"victim","victim",6
"shred","shred",6
"destori","destori",6
"communiti","communiti",6
"inner","inner",6
"semi","semi",6
"morn","morn",6
"buri","buri",6
"grab","grab",6
"nuetral","nuetral",6
"deja","deja",6
"vu","vu",6
"backwood","backwood",6
"liveli","liveli",6
"niec","niec",6
"reaper","reaper",6
"hear","hear",6
"influenc","influenc",6
"compact","compact",6
"needl","needl",6
"garag","garag",6
"unorgan","unorgan",6
"heat","heat",6
"sag","sag",6
"lay","lay",6
"amoeba","amoeba",6
"tonal","tonal",6
"offput","offput",6
"lilac","lilac",6
"sailor","sailor",6
"hour","hour",6
"dreamlik","dreamlik",6
"retail","retail",6
"major","major",6
"endless","endless",6
"cluster","cluster",6
"wind","wind",6
"intertwin","intertwin",6
"constant","constant",6
"grate","grate",6
"pirat","pirat",6
"distraught","distraught",6
"control","control",6
"ambival","ambival",6
"celebratori","celebratori",6
"justic","justic",6
"apapr","apapr",6
"except","except",6
"fruit","fruit",6
"path","path",6
"encompass","encompass",6
"young","young",6
"money","money",6
"volcano","volcano",6
"itt","itt",6
"ti","ti",6
"skylin","skylin",6
"supernatur","supernatur",6
"factor","factor",6
"lonesom","lonesom",6
"mismatch","mismatch",6
"sketchi","sketchi",6
"zombi","zombi",6
"forlorn","forlorn",6
"amid","amid",6
"desol","desol",6
"lifestyl","lifestyl",6
"nightmar","nightmar",6
"braveri","braveri",6
"cancel","cancel",6
"serial","serial",6
"killer","killer",6
"base","base",6
"bubbl","bubbl",6
"wondrous","wondrous",6
"unlimit","unlimit",6
"creapi","creapi",6
"vision","vision",6
"stronger","stronger",6
"lemon","lemon",6
"varianc","varianc",6
"bizarr","bizarr",6
"futur","futur",6
"avail","avail",6
"healthi","healthi",6
"min","min",6
"knock","knock",6
"hallway","hallway",6
"funki","funki",6
"accompani","accompani",6
"later","later",6
"mermaid","mermaid",6
"lure","lure",6
"say.it","say.it",6
"tranqul","tranqul",6
"energ","energ",6
"date","date",6
"geomet","geomet",6
"horribl","horribl",6
"tie","tie",6
"ritualist","ritualist",6
"nativist","nativist",6
"edgar","edgar",6
"allen","allen",6
"poe","poe",6
"poem","poem",6
"volum","volum",5
"imprint","imprint",5
"genius","genius",5
"like.lik","like.lik",5
"campsit","campsit",5
"portug","portug",5
"fragil","fragil",5
"forev","forev",5
"etern","etern",5
"length","length",5
"chunki","chunki",5
"fresh","fresh",5
"iguana","iguana",5
"neuron","neuron",5
"beyond","beyond",5
"birdi","birdi",5
"seek","seek",5
"frontier","frontier",5
"exact","exact",5
"daffi","daffi",5
"trail","trail",5
"lol","lol",5
"crowd","crowd",5
"agoni","agoni",5
"bus","bus",5
"seat","seat",5
"golden","golden",5
"steroid","steroid",5
"insect","insect",5
"battleground","battleground",5
"lok","lok",5
"amatur","amatur",5
"gonna","gonna",5
"servic","servic",5
"viscer","viscer",5
"magnifi","magnifi",5
"next","next",5
"matter","matter",5
"mansion","mansion",5
"bigger","bigger",5
"statement","statement",5
"almighti","almighti",5
"us","us",5
"onfucs","onfucs",5
"ilik","ilik",5
"classi","classi",5
"disorgan","disorgan",5
"odark","odark",5
"era","era",5
"copi","copi",5
"cy","cy",5
"twombl","twombl",5
"snow","snow",5
"neck","neck",5
"obscen","obscen",5
"complement","complement",5
"sign","sign",5
"challeng","challeng",5
"comprehend","comprehend",5
"hometown","hometown",5
"prefer","prefer",5
"aquarium","aquarium",5
"wheelchair","wheelchair",5
"becom","becom",5
"fish","fish",5
"mythic","mythic",5
"innoc","innoc",5
"approach","approach",5
"showcas","showcas",5
"warrant","warrant",5
"disappoint","disappoint",5
"spent","spent",5
"awww","awww",5
"difficult","difficult",5
"mom","mom",5
"huh","huh",5
"battlefield","battlefield",5
"lorax","lorax",5
"wear","wear",5
"mask","mask",5
"cinderella","cinderella",5
"broom","broom",5
"futurist","futurist",5
"east","east",5
"usa","usa",5
"voodoo","voodoo",5
"orlean","orlean",5
"cemeteri","cemeteri",5
"yellowish","yellowish",5
"chain","chain",5
"disconcert","disconcert",5
"mayhem","mayhem",5
"jame","jame",5
"amateur","amateur",5
"fell","fell",5
"dope","dope",5
"respond","respond",5
"monochromat","monochromat",5
"divers","divers",5
"funni","funni",5
"entir","entir",5
"misshapen","misshapen",5
"wheel","wheel",5
"uncertainti","uncertainti",5
"return","return",5
"boredom","boredom",5
"battleship","battleship",5
"target","target",5
"mountainsid","mountainsid",5
"guest","guest",5
"initi","initi",5
"ball","ball",5
"retro","retro",5
"postag","postag",5
"stamp","stamp",5
"parent","parent",5
"elev","elev",5
"protect","protect",5
"ritual","ritual",5
"blobbi","blobbi",5
"magnific","magnific",5
"lock","lock",5
"claustrophob","claustrophob",5
"dim","dim",5
"fo","fo",5
"son","son",5
"star","star",5
"dusk","dusk",5
"nevermor","nevermor",5
"raven","raven",5
"pumpkin","pumpkin",5
"fuzzbal","fuzzbal",5
"itch","itch",5
"closeup","closeup",5
"coloni","coloni",5
"illeg","illeg",5
"word","word",5
"astonish","astonish",5
"springtim","springtim",5
"creek","creek",5
"halv","halv",5
"drop","drop",5
"horrif","horrif",5
"cow","cow",5
"plane","plane",5
"weari","weari",5
"scrawl","scrawl",5
"lvoeli","lvoeli",5
"unintent","unintent",5
"shit","shit",5
"isol","isol",5
"sometim","sometim",5
"lovecraftian","lovecraftian",5
"psychot","psychot",5
"strongest","strongest",5
"juxtaposit","juxtaposit",5
"cloak","cloak",5
"row","row",5
"guadi","guadi",5
"order","order",5
"dramat","dramat",5
"hung","hung",5
"shower","shower",5
"curtain","curtain",5
"mustardi","mustardi",5
"int","int",5
"horseman","horseman",5
"transport","transport",5
"magic","magic",5
"spectral","spectral",5
"bar","bar",5
"romant","romant",5
"deep","deep",5
"contort","contort",5
"former","former",5
"grayish","grayish",5
"thoughtless","thoughtless",5
"ador","ador",5
"spill","spill",5
"forgot","forgot",5
"thin","thin",5
"thoughtout","thoughtout",5
"struggl","struggl",5
"incept","incept",5
"archeolog","archeolog",5
"brawl","brawl",5
"lime","lime",5
"sprite","sprite",5
"finish","finish",5
"paintbrush","paintbrush",5
"climat","climat",5
"portrait","portrait",5
"microscop","microscop",5
"govern","govern",5
"reali","reali",5
"litter","litter",5
"strewn","strewn",5
"hasti","hasti",5
"compos","compos",5
"angsti","angsti",5
"teen","teen",5
"primit","primit",5
"townhous","townhous",5
"reach","reach",5
"obtain","obtain",5
"hmmm","hmmm",5
"spreadsheet","spreadsheet",5
"cahot","cahot",5
"slowli","slowli",5
"dimensional.so","dimensional.so",5
"same","same",5
"expression","expression",5
"didnt","didnt",5
"eri","eri",5
"colorwis","colorwis",5
"wispy","wispy",5
"wig","wig",5
"gaseous","gaseous",5
"impressionist","impressionist",5
"bled","bled",5
"telent","telent",4
"second","second",4
"inspirit","inspirit",4
"cocoa","cocoa",4
"gather","gather",4
"area","area",4
"toher","toher",4
"conserv","conserv",4
"ideal","ideal",4
"backstori","backstori",4
"wist","wist",4
"histori","histori",4
"aerial","aerial",4
"buzzard","buzzard",4
"spiritu","spiritu",4
"remov","remov",4
"fuzzi","fuzzi",4
"loss","loss",4
"trim","trim",4
"mall","mall",4
"identifi","identifi",4
"balloon","balloon",4
"auto","auto",4
"oceansid","oceansid",4
"consider","consider",4
"incoher","incoher",4
"archaeolog","archaeolog",4
"discoveri","discoveri",4
"hike","hike",4
"kept","kept",4
"alamo","alamo",4
"abund","abund",4
"garrish","garrish",4
"hellish","hellish",4
"limitless","limitless",4
"architectur","architectur",4
"angst","angst",4
"respect","respect",4
"west","west",4
"surpris","surpris",4
"galleri","galleri",4
"graffitti","graffitti",4
"daycar","daycar",4
"rider","rider",4
"text","text",4
"rode","rode",4
"pale","pale",4
"babi","babi",4
"omg","omg",4
"eyelash","eyelash",4
"ugh","ugh",4
"contemporari","contemporari",4
"accident","accident",4
"match","match",4
"entireti","entireti",4
"bloodsh","bloodsh",4
"dispair","dispair",4
"rich","rich",4
"threw","threw",4
"disco","disco",4
"bluri","bluri",4
"outerspac","outerspac",4
"exot","exot",4
"overtaken","overtaken",4
"brain","brain",4
"fog","fog",4
"mop","mop",4
"lead","lead",4
"metropoli","metropoli",4
"sing","sing",4
"concert","concert",4
"stranger","stranger",4
"ice","ice",4
"skate","skate",4
"wet","wet",4
"cement","cement",4
"scab","scab",4
"test","test",4
"berri","berri",4
"vehicl","vehicl",4
"content","content",4
"catching.th","catching.th",4
"bloom","bloom",4
"heal","heal",4
"colorblock","colorblock",4
"taco","taco",4
"appeas","appeas",4
"usual","usual",4
"lens","lens",4
"cityfrom","cityfrom",4
"ago","ago",4
"mediocr","mediocr",4
"basquiat","basquiat",4
"cup","cup",4
"tall","tall",4
"coastal","coastal",4
"warmer","warmer",4
"cortez","cortez",4
"align","align",4
"persist","persist",4
"among","among",4
"spectrum","spectrum",4
"consid","consid",4
"crusad","crusad",4
"besid","besid",4
"mous","mous",4
"step","step",4
"packet","packet",4
"upclos","upclos",4
"found","found",4
"risk","risk",4
"hilari","hilari",4
"brew","brew",4
"messeng","messeng",4
"otherworld","otherworld",4
"gloom","gloom",4
"cloth","cloth",4
"forbod","forbod",4
"proport","proport",4
"whale","whale",4
"john","john",4
"lenonn","lenonn",4
"region","region",4
"swir","swir",4
"yellowi","yellowi",4
"glass","glass",4
"begun","begun",4
"sank","sank",4
"featheri","featheri",4
"1700s","1700s",4
"hatr","hatr",4
"glad","glad",4
"confront","confront",4
"refineri","refineri",4
"overlook","overlook",4
"ordinari","ordinari",4
"unmov","unmov",4
"umclear","umclear",4
"nephew","nephew",4
"ualiti","ualiti",4
"blueberri","blueberri",4
"machin","machin",4
"charg","charg",4
"vulner","vulner",4
"lurk","lurk",4
"beig","beig",4
"turmoil","turmoil",4
"kinet","kinet",4
"simplifi","simplifi",4
"unprovok","unprovok",4
"overus","overus",4
"realism","realism",4
"dour","dour",4
"worship","worship",4
"straight","straight",4
"nasti","nasti",4
"tuck","tuck",4
"ish","ish",4
"suit","suit",4
"hopeless","hopeless",4
"mish","mish",4
"true","true",4
"gum","gum",4
"quaint","quaint",4
"itali","itali",4
"badass","badass",4
"somebodi","somebodi",4
"contain","contain",4
"drip","drip",4
"symphoni","symphoni",4
"geometri","geometri",4
"humpti","humpti",4
"dumpti","dumpti",4
"oasi","oasi",4
"satellit","satellit",4
"scratch","scratch",4
"flaw","flaw",4
"esteem","esteem",4
"pueril","pueril",4
"spread","spread",4
"conjur","conjur",4
"decay","decay",4
"entropi","entropi",4
"dad","dad",4
"documentari","documentari",4
"wtf","wtf",4
"biopsi","biopsi",4
"slide","slide",4
"minnesota","minnesota",4
"elementari","elementari",4
"delus","delus",4
"kaus","kaus",4
"o'keef","o'keef",4
"clever","clever",4
"cop","cop",4
"andi","andi",4
"warhol","warhol",4
"fingerpaint","fingerpaint",4
"unfit","unfit",4
"knight","knight",4
"satisfact","satisfact",4
"skinni","skinni",4
"road","road",4
"confid","confid",4
"trepid","trepid",4
"personif","personif",4
"overpopul","overpopul",4
"miss","miss",4
"sunni","sunni",4
"truth","truth",4
"forefront","forefront",4
"glum","glum",4
"appropri","appropri",4
"amount","amount",4
"peak","peak",4
"screamo","screamo",4
"tshirt","tshirt",4
"unread","unread",4
"letter","letter",4
"breath","breath",4
"hoe","hoe",4
"hurt","hurt",4
"subway","subway",4
"bare","bare",4
"cooki","cooki",4
"dough","dough",4
"yum","yum",4
"intermesh","intermesh",4
"id","id",4
"disrupt","disrupt",4
"hurri","hurri",4
"onto","onto",4
"minimul","minimul",4
"perspect","perspect",4
"mural","mural",4
"brook","brook",4
"add","add",4
"thrift","thrift",4
"multi","multi",4
"dimension","dimension",4
"overdon","overdon",4
"harbor","harbor",4
"heck","heck",4
"yes","yes",4
"valhalla","valhalla",4
"australian","australian",4
"crumbl","crumbl",4
"oatmeal","oatmeal",4
"granola","granola",4
"charm","charm",4
"skil","skil",4
"blackbird","blackbird",4
"dainti","dainti",4
"kneel","kneel",4
"talk","talk",4
"sake","sake",4
"therefor","therefor",4
"would'v","would'v",4
"brighter","brighter",4
"ive","ive",4
"poke","poke",4
"soil","soil",4
"minim","minim",3
"popular","popular",3
"grandma","grandma",3
"fetus","fetus",3
"forebod","forebod",3
"twelv","twelv",3
"fsiri","fsiri",3
"oil","oil",3
"slick","slick",3
"snippet","snippet",3
"fireplac","fireplac",3
"scream","scream",3
"waterpaint","waterpaint",3
"earlier","earlier",3
"nauseat","nauseat",3
"yucki","yucki",3
"coupl","coupl",3
"smoke","smoke",3
"bouquet","bouquet",3
"cake","cake",3
"sprinkl","sprinkl",3
"fast","fast",3
"racetrack","racetrack",3
"thrive","thrive",3
"fluiditi","fluiditi",3
"french","french",3
"fri","fri",3
"depend","depend",3
"reli","reli",3
"tradit","tradit",3
"honor","honor",3
"elder","elder",3
"divid","divid",3
"toddler","toddler",3
"mild","mild",3
"avers","avers",3
"circus","circus",3
"hall","hall",3
"displeas","displeas",3
"immatur","immatur",3
"junkyard","junkyard",3
"murder","murder",3
"drive","drive",3
"despis","despis",3
"displeasur","displeasur",3
"splinter","splinter",3
"urin","urin",3
"mentalyl","mentalyl",3
"unstabl","unstabl",3
"spree","spree",3
"ness","ness",3
"cosmopolitan","cosmopolitan",3
"everyon","everyon",3
"releas","releas",3
"exampl","exampl",3
"somber","somber",3
"underton","underton",3
"upon","upon",3
"fruiti","fruiti",3
"juici","juici",3
"lineup","lineup",3
"bamboo","bamboo",3
"ghoulish","ghoulish",3
"stapl","stapl",3
"bathroom","bathroom",3
"suburb","suburb",3
"freaki","freaki",3
"armi","armi",3
"skelet","skelet",3
"salt","salt",3
"deconstruct","deconstruct",3
"tea","tea",3
"beacon","beacon",3
"playground","playground",3
"physic","physic",3
"entic","entic",3
"turn","turn",3
"profession","profession",3
"grass","grass",3
"yay","yay",3
"dieti","dieti",3
"teenag","teenag",3
"reveal","reveal",3
"kraken","kraken",3
"substrat","substrat",3
"smog","smog",3
"choke","choke",3
"bittersweet","bittersweet",3
"incomprehens","incomprehens",3
"tray","tray",3
"protector","protector",3
"pinbal","pinbal",3
"jerusalem","jerusalem",3
"grand","grand",3
"monochrom","monochrom",3
"complimentari","complimentari",3
"spontan","spontan",3
"hesit","hesit",3
"pallett","pallett",3
"crunchi","crunchi",3
"beehiv","beehiv",3
"curv","curv",3
"wander","wander",3
"display","display",3
"flame","flame",3
"candl","candl",3
"mistak","mistak",3
"annoy","annoy",3
"assign","assign",3
"mimic","mimic",3
"portion","portion",3
"jalapeno","jalapeno",3
"decent","decent",3
"poppi","poppi",3
"disassembl","disassembl",3
"angular","angular",3
"stab","stab",3
"sceneri","sceneri",3
"cubic","cubic",3
"dine","dine",3
"amr","amr",3
"yawn","yawn",3
"inexplic","inexplic",3
"paradox","paradox",3
"whimsi","whimsi",3
"relief","relief",3
"fhe","fhe",3
"skeleton","skeleton",3
"capitv","capitv",3
"barren","barren",3
"filter","filter",3
"commut","commut",3
"select","select",3
"media","media",3
"barn","barn",3
"flash","flash",3
"affluent","affluent",3
"anytim","anytim",3
"unidentifi","unidentifi",3
"crisp","crisp",3
"spectacular","spectacular",3
"o'keeff","o'keeff",3
"eloqu","eloqu",3
"zone","zone",3
"stuff","stuff",3
"scenic","scenic",3
"flat","flat",3
"flavor","flavor",3
"thumb","thumb",3
"sushi","sushi",3
"morbid","morbid",3
"caught","caught",3
"pantri","pantri",3
"neither","neither",3
"sideway","sideway",3
"lion","lion",3
"shock","shock",3
"bent","bent",3
"carri","carri",3
"organis","organis",3
"observ","observ",3
"dystopian","dystopian",3
"trend","trend",3
"walmart","walmart",3
"experiment","experiment",3
"unspoil","unspoil",3
"humanoid","humanoid",3
"expect","expect",3
"sticki","sticki",3
"blot","blot",3
"uderstand","uderstand",3
"tribal","tribal",3
"egyptian","egyptian",3
"chagal","chagal",3
"lumin","lumin",3
"optic","optic",3
"fake","fake",3
"expens","expens",3
"outdat","outdat",3
"netur","netur",3
"interst","interst",3
"higher","higher",3
"creation","creation",3
"candi","candi",3
"preschool","preschool",3
"eh","eh",3
"haphazard","haphazard",3
"astound","astound",3
"renaiss","renaiss",3
"intern","intern",3
"den","den",3
"balconi","balconi",3
"crop","crop",3
"touchabl","touchabl",3
"muddl","muddl",3
"responc","responc",3
"sprout","sprout",3
"invas","invas",3
"autopsi","autopsi",3
"morgu","morgu",3
"corps","corps",3
"flesh","flesh",3
"agit","agit",3
"afternoon","afternoon",3
"tate","tate",3
"dung","dung",3
"there","there",3
"obvious","obvious",3
"bomb","bomb",3
"explod","explod",3
"soul","soul",3
"princ","princ",3
"rebirth","rebirth",3
"shore","shore",3
"aesthet","aesthet",3
"swath","swath",3
"mantl","mantl",3
"underworld","underworld",3
"upholsteri","upholsteri",3
"blander","blander",3
"poster","poster",3
"diffus","diffus",3
"placement","placement",3
"unremark","unremark",3
"tacki","tacki",3
"turner","turner",3
"esqu","esqu",3
"deriv","deriv",3
"rabbit","rabbit",3
"scuf","scuf",3
"swirl","swirl",3
"incorpor","incorpor",3
"rever","rever",3
"bottomless","bottomless",3
"pit","pit",3
"precious","precious",3
"novel","novel",3
"simpler","simpler",3
"stain","stain",3
"terrestri","terrestri",2
"coukd","coukd",2
"chameleon","chameleon",2
"reed","reed",2
"uneven","uneven",2
"lucki","lucki",2
"eww","eww",2
"dentist","dentist",2
"irk","irk",2
"happier","happier",2
"dna","dna",2
"pearl","pearl",2
"blind","blind",2
"dimens","dimens",2
"eyecatch","eyecatch",2
"disord","disord",2
"pineappl","pineappl",2
"deal","deal",2
"advis","advis",2
"cautious","cautious",2
"miner","miner",2
"mellow","mellow",2
"fingernail","fingernail",2
"debre","debre",2
"pond","pond",2
"resent","resent",2
"snowi","snowi",2
"espeic","espeic",2
"terrarium","terrarium",2
"cacti","cacti",2
"pre","pre",2
"k","k",2
"knew","knew",2
"pinki","pinki",2
"crack","crack",2
"fragment","fragment",2
"flexibl","flexibl",2
"grid","grid",2
"gibberish","gibberish",2
"rectangular","rectangular",2
"af","af",2
"paintbush","paintbush",2
"thoma","thoma",2
"becket","becket",2
"twice","twice",2
"mast","mast",2
"troubl","troubl",2
"ski","ski",2
"jump","jump",2
"size","size",2
"symmetri","symmetri",2
"previous","previous",2
"survey","survey",2
"outgo","outgo",2
"snot","snot",2
"smother","smother",2
"selfish","selfish",2
"regular","regular",2
"desth","desth",2
"construct","construct",2
"biggest","biggest",2
"pedofil","pedofil",2
"cubism","cubism",2
"carniv","carniv",2
"aww","aww",2
"brought","brought",2
"frank","frank",2
"lloyd","lloyd",2
"wright","wright",2
"bizzar","bizzar",2
"tress","tress",2
"unskil","unskil",2
"iffi","iffi",2
"hill","hill",2
"overcrowd","overcrowd",2
"realis","realis",2
"crazi","crazi",2
"diaper","diaper",2
"squirt","squirt",2
"mangl","mangl",2
"arena","arena",2
"errupt","errupt",2
"horrend","horrend",2
"bodili","bodili",2
"jail","jail",2
"cell","cell",2
"essenc","essenc",2
"typic","typic",2
"speckl","speckl",2
"piccasso","piccasso",2
"plenti","plenti",2
"narrat","narrat",2
"tangibl","tangibl",2
"cri","cri",2
"perform","perform",2
"stomp","stomp",2
"regal","regal",2
"cult","cult",2
"lavend","lavend",2
"potenti","potenti",2
"materi","materi",2
"banski","banski",2
"happy","happy",2
"sway","sway",2
"breez","breez",2
"dare","dare",2
"ind","ind",2
"taciturn","taciturn",2
"februari","februari",2
"yield","yield",2
"march","march",2
"cotton","cotton",2
"discover.veri","discover.veri",2
"pear","pear",2
"pars","pars",2
"incit","incit",2
"dens","dens",2
"melti","melti",2
"centerpiec","centerpiec",2
"connot","connot",2
"ex","ex",2
"law","law",2
"asymmetri","asymmetri",2
"maritim","maritim",2
"bloodi","bloodi",2
"grander","grander",2
"stuipid","stuipid",2
"dumb","dumb",2
"asymmetr","asymmetr",2
"floral","floral",2
"weed","weed",2
"whether","whether",2
"streak","streak",2
"tactil","tactil",2
"themself","themself",2
"cross","cross",2
"extra","extra",2
"activist","activist",2
"loop","loop",2
"interconnected","interconnected",2
"pretzel","pretzel",2
"noodl","noodl",2
"drink","drink",2
"pretenti","pretenti",2
"mold","mold",2
"repuls","repuls",2
"cousin","cousin",2
"repaint","repaint",2
"13th","13th",2
"bday","bday",2
"juvenil","juvenil",2
"faint","faint",2
"weak","weak",2
"pool","pool",2
"hide","hide",2
"sadder","sadder",2
"revers","revers",2
"porcelain","porcelain",2
"esp","esp",2
"jagged","jagged",2
"roomba","roomba",2
"rendit","rendit",2
"mc","mc",2
"patter","patter",2
"cor","cor",2
"job","job",2
"destroy","destroy",2
"underdevelop","underdevelop",2
"creami","creami",2
"embodi","embodi",2
"calam","calam",2
"pretty.and","pretty.and",2
"titan","titan",2
"smiley","smiley",2
"beatnik","beatnik",2
"piano","piano",2
"loung","loung",2
"puddl","puddl",2
"exceed","exceed",2
"pickl","pickl",2
"uncontrol","uncontrol",2
"motorcycl","motorcycl",2
"eel","eel",2
"descript","descript",1
"fatigu","fatigu",1
"mesmer","mesmer",1
"fume","fume",1
"visibl","visibl",1
"unicorn","unicorn",1
"tasteless","tasteless",1
"banana","banana",1
"trap","trap",1
"firestorm","firestorm",1
"season","season",1
"phenomen","phenomen",1
"freeli","freeli",1
"broad","broad",1
"transform","transform",1
"grace","grace",1
"thinner","thinner",1
"superimpos","superimpos",1
"strip","strip",1
"misunderstood","misunderstood",1
"cantina","cantina",1
"subtleti","subtleti",1
"remnant","remnant",1
"driver","driver",1
"etc","etc",1
"b","b",1
"cabl","cabl",1
"steal","steal",1
"shapeless","shapeless",1
"moth","moth",1
"godess","godess",1
"nap","nap",1
"blanket","blanket",1
"kidney","kidney",1
"smoki","smoki",1
"state","state",1
"fulli","fulli",1
"commit","commit",1
"abstact","abstact",1
"imaginari","imaginari",1
"domt","domt",1
"vacat","vacat",1
"afraid","afraid",1
"dissatifi","dissatifi",1
"scrawli","scrawli",1
"farm","farm",1
"offens","offens",1
"7th","7th",1
"hollow","hollow",1
"communic","communic",1
"royalti","royalti",1
"servant","servant",1
"anythingb","anythingb",1
"yoga","yoga",1
"studio","studio",1
"provoc","provoc",1
"gimmicki","gimmicki",1
"interesting.it","interesting.it",1
"villain","villain",1
"despic","despic",1
"round","round",1
"aggit","aggit",1
"therapist","therapist",1
"print","print",1
"tripophobia","tripophobia",1
"tennese","tennese",1
"heiroglyph","heiroglyph",1
"island","island",1
"seasid","seasid",1
"hunt","hunt",1
"moulin","moulin",1
"roug","roug",1
"chunk","chunk",1
"steril","steril",1
"manufactur","manufactur",1
"perm","perm",1
"railway","railway",1
"split","split",1
"epic","epic",1
"fir","fir",1
"photoshop","photoshop",1
"concret","concret",1
"spiral","spiral",1
"remark","remark",1
"format","format",1
"pic","pic",1
"divis","divis",1
"dixi","dixi",1
"perfum","perfum",1
"bottl","bottl",1
"stage","stage",1
"begin","begin",1
"end","end",1
"blotted","blotted",1
"convict","convict",1
"vigor","vigor",1
"ifi'm","ifi'm",1
"hellscap","hellscap",1
"shown","shown",1
"meadow","meadow",1
"exhibit","exhibit",1
"freedom","freedom",1
"lvoe","lvoe",1
"caveman","caveman",1
"unknown","unknown",1
"jigsaw","jigsaw",1
"rocki","rocki",1
"harmon","harmon",1
"vibranc","vibranc",1
"bakeri","bakeri",1
"terrifi","terrifi",1
"baphomet","baphomet",1
"unaur","unaur",1
"delic","delic",1
"hilli","hilli",1
"plan","plan",1
"sphere","sphere",1
"curvi","curvi",1
"flatter","flatter",1
"move","move",1
"satisfi","satisfi",1
"render","render",1
"continu","continu",1
"karma","karma",1
"ruthless","ruthless",1
"larger","larger",1
"purpl","purpl",1
"umbrella","umbrella",1
"insert","insert",1
"decis","decis",1
"process","process",1
"glanc","glanc",1
"inspect","inspect",1
"proxim","proxim",1
"mr","mr",1
"drug","drug",1
"simpson","simpson",1
"abtract","abtract",1
